Name;Email;Country;Car;FavoriteFood;Registered;Active;Age
Nathaniel Woods;felis.Donec.tempor@venenatisamagna.com;France;Mercedes-Benz;soups;02/20/2022;true;55
Hedley Crane;semper.tellus.id@Nullaeuneque.edu;Germany;BMW;sandwiches;10/28/2021;false;57
Alec Jenkins;eu.nibh@at.org;Germany;BMW;sandwiches;08/24/2021;true;31
Gannon Haney;vehicula.risus@tinciduntorci.ca;France;Volkswagen;pasta;04/20/2021;false;55
Cheryl Hickman;nec@mienimcondimentum.edu;France;Volkswagen;pasta;03/01/2022;false;39
Norman Mckee;non.dui.nec@malesuadamalesuada.ca;Germany;BMW;pasta;07/18/2021;false;33
Bell Hendricks;nec@nibhAliquamornare.ca;France;Mercedes-Benz;pasta;08/12/2021;false;22
Colette Yates;elit.sed@nibh.com;Germany;Mercedes-Benz;pasta;06/19/2021;false;41
Tamara Matthews;eu@Praesenteu.com;Germany;Volkswagen;pasta;01/04/2022;true;31
Palmer Hurley;egestas.Aliquam@orci.edu;Germany;BMW;salads;02/21/2022;false;50
Shana Garner;ipsum.dolor@Naminterdumenim.net;France;BMW;soups;11/25/2021;false;28
Burton Moran;gravida@Pellentesque.ca;Germany;BMW;soups;10/18/2021;false;42
Maile Stone;eu@Aenean.net;Germany;BMW;soups;10/28/2021;false;59
Kibo Acevedo;bibendum.ullamcorper@etliberoProin.net;France;Mercedes-Benz;soups;11/24/2021;true;44
Jonas Dixon;erat.Vivamus.nisi@sodales.co.uk;France;Mercedes-Benz;salads;12/05/2021;false;36
Madeson Hayes;Aenean.sed.pede@eratsemper.edu;France;Volkswagen;pasta;06/02/2020;true;25
Emmanuel Douglas;Curabitur.dictum.Phasellus@facilisisvitaeorci.net;France;Mercedes-Benz;pasta;03/16/2021;false;19
Avye Weeks;varius.ultrices.mauris@commodo.com;France;Volkswagen;pasta;12/29/2021;true;40
Peter Lowery;Praesent.eu.dui@Cras.ca;France;BMW;sandwiches;03/15/2021;true;22
Bianca Rivers;natoque.penatibus@egestasAliquam.org;Germany;Mercedes-Benz;soups;10/14/2021;true;31
Miriam Garcia;Nulla.facilisis@non.com;Germany;Volkswagen;salads;05/23/2021;true;39
Chandler Wade;nec.ligula@pharetra.org;Germany;BMW;sandwiches;10/01/2020;true;49
Clark Long;elit.pharetra@posuere.com;France;Mercedes-Benz;soups;01/10/2021;true;30
Hashim Schwartz;senectus@loremtristique.ca;Germany;Mercedes-Benz;sandwiches;07/12/2021;true;57
Keith Dale;bibendum.ullamcorper.Duis@elitpede.co.uk;Germany;Volkswagen;soups;03/01/2021;true;38
Lamar Shannon;a@tinciduntvehicula.com;Germany;BMW;sandwiches;09/13/2021;false;29
Holmes Davidson;vel.arcu.eu@vitaeerat.edu;France;BMW;soups;04/26/2021;true;55
Ivana Norman;tempor@magnatellusfaucibus.ca;France;Volkswagen;sandwiches;08/20/2020;false;27
Nero Farley;sed.orci.lobortis@Maurisut.org;France;Volkswagen;sandwiches;05/23/2021;false;31
Guy Harvey;molestie.pharetra.nibh@ultricies.com;Germany;Mercedes-Benz;soups;06/07/2020;true;52
Ulla Hardy;risus.a@sit.org;Germany;Volkswagen;salads;10/23/2021;false;34
Louis Peck;nunc@telluseu.net;France;Mercedes-Benz;sandwiches;07/05/2020;true;48
Burton Benjamin;Proin.dolor@netus.com;Germany;Mercedes-Benz;soups;02/09/2021;false;19
Clementine Cochran;a@sapienmolestie.com;Germany;BMW;salads;01/08/2021;true;57
Connor Moody;velit.dui@et.net;France;Volkswagen;salads;05/15/2021;true;55
Linus Martin;aptent.taciti@parturientmontes.edu;Germany;Mercedes-Benz;soups;06/02/2020;false;30
Chastity Small;primis@etultrices.co.uk;Germany;BMW;pasta;11/03/2021;false;30
Mollie Hogan;quam.Pellentesque.habitant@Fuscemi.edu;France;Mercedes-Benz;salads;02/24/2022;true;33
Micah Spence;ante.iaculis@aaliquetvel.ca;Germany;Mercedes-Benz;salads;07/22/2021;true;57
Pearl Cooper;ipsum@estNunc.com;France;BMW;pasta;01/18/2022;false;29
Ariel Mosley;eu.lacus.Quisque@nonquam.co.uk;Germany;Mercedes-Benz;soups;10/02/2021;false;37
Driscoll Zimmerman;Duis.at.lacus@Duisrisusodio.com;Germany;Volkswagen;sandwiches;07/06/2021;true;55
Michael Gilliam;amet.consectetuer.adipiscing@Curae.ca;France;Mercedes-Benz;salads;05/11/2022;true;23
Leonard Tucker;est.mauris@tempor.net;Germany;BMW;sandwiches;12/28/2021;true;40
Ferdinand Garcia;risus@esttempor.edu;Germany;Mercedes-Benz;soups;08/18/2020;true;27
Kimberly Burt;dictum.mi@leoelementum.com;France;Volkswagen;sandwiches;04/24/2021;true;32
Hyacinth Sears;sollicitudin.adipiscing.ligula@nisiAenean.ca;France;Volkswagen;sandwiches;07/04/2021;true;48
Edward Calhoun;egestas.Duis@arcuAliquam.co.uk;France;Mercedes-Benz;pasta;08/17/2021;true;31
Alvin Burns;neque@sapien.net;Germany;Mercedes-Benz;pasta;12/10/2021;true;36
Kaitlin Morris;natoque.penatibus.et@sodalespurusin.co.uk;Germany;Volkswagen;sandwiches;11/20/2021;false;41
Jarrod Kirk;odio.semper.cursus@tinciduntnibhPhasellus.net;Germany;BMW;pasta;07/01/2020;true;49
Noah Mcfarland;Proin.vel.arcu@atpretiumaliquet.edu;France;Volkswagen;soups;11/04/2020;false;40
Nissim Romero;Donec.nibh@odiosempercursus.com;Germany;BMW;sandwiches;06/13/2020;true;48
Suki Mcconnell;ac.metus@malesuada.org;France;Volkswagen;soups;03/23/2021;false;53
Gretchen Carr;ut.molestie.in@Pellentesquehabitantmorbi.net;Germany;Mercedes-Benz;soups;08/15/2020;true;20
Irma Hayes;Aliquam.auctor@Etiamvestibulummassa.ca;France;BMW;sandwiches;07/25/2021;true;34
Lynn Hale;luctus.Curabitur.egestas@imperdiet.co.uk;France;Mercedes-Benz;salads;08/05/2021;false;23
Blair Stafford;eget@disparturientmontes.edu;Germany;BMW;salads;06/25/2020;true;39
Kitra Young;nec@Mauris.co.uk;France;BMW;soups;12/08/2021;true;45
Rowan Farley;purus.Duis.elementum@famesacturpis.edu;France;Volkswagen;pasta;11/09/2020;true;51
Brandon Bowers;non.cursus@purusactellus.edu;France;Mercedes-Benz;sandwiches;07/31/2020;true;19
George Kirk;magnis.dis@Duisatlacus.org;Germany;Volkswagen;soups;08/29/2021;false;30
Abdul Brooks;nec.eleifend@elementumpurusaccumsan.net;Germany;Mercedes-Benz;soups;06/30/2020;true;48
Grant Torres;Morbi@eget.co.uk;France;Mercedes-Benz;soups;12/12/2020;false;28
Yoshio Moses;lacus.Cras@vel.ca;France;Volkswagen;salads;01/12/2022;false;35
Neville Porter;erat.nonummy@adipiscing.org;Germany;Volkswagen;pasta;06/05/2020;false;30
Griffin Chaney;et@pellentesqueafacilisis.org;France;BMW;soups;10/09/2020;false;45
Hedley Burch;est.mollis@eueuismodac.co.uk;Germany;BMW;soups;08/26/2020;true;45
Charles Leonard;porttitor.tellus.non@nonmagna.org;Germany;BMW;pasta;05/28/2021;false;58
Damian Bolton;ipsum.dolor@Suspendisse.ca;Germany;Mercedes-Benz;salads;05/18/2022;false;46
Dean Hooper;in.lobortis@Aliquamultrices.ca;Germany;Mercedes-Benz;salads;05/04/2022;true;30
Hilda Logan;Mauris.vel.turpis@vitaeposuereat.co.uk;Germany;BMW;sandwiches;07/12/2021;true;52
Dorian Chambers;sit@interdumNunc.co.uk;France;Mercedes-Benz;salads;01/24/2022;true;49
Giselle Reese;Cras.dolor@massa.com;Germany;BMW;sandwiches;07/17/2021;true;18
Kirsten Valdez;cursus.Nunc.mauris@SuspendisseduiFusce.net;France;Volkswagen;soups;03/28/2021;true;45
Laith Mullins;libero.dui@nequeNullam.org;Germany;Volkswagen;salads;02/11/2022;false;56
Alexandra Finch;Lorem.ipsum@laciniamattisInteger.net;France;Volkswagen;sandwiches;01/27/2022;false;56
Uriel Serrano;lobortis@nuncIn.ca;France;Mercedes-Benz;sandwiches;10/09/2021;true;28
Jakeem Benson;justo.Proin.non@Vestibulum.co.uk;Germany;Volkswagen;pasta;05/25/2022;false;32
Nero Kinney;ac.feugiat.non@Phasellusataugue.net;Germany;Mercedes-Benz;sandwiches;02/15/2022;false;21
Carl Dillard;sed@laoreetliberoet.org;France;Mercedes-Benz;pasta;12/14/2021;true;47
Sasha Dalton;ac@ullamcorpereu.co.uk;Germany;Mercedes-Benz;soups;03/17/2021;false;60
Raya Foley;lacus@interdum.com;France;Volkswagen;pasta;04/27/2022;false;41
Orson Bell;dignissim.magna@velitPellentesqueultricies.net;France;Mercedes-Benz;sandwiches;03/16/2021;true;21
Graiden Benton;habitant@aliquetmolestie.edu;Germany;Mercedes-Benz;pasta;01/04/2022;true;46
Lester Lynch;per.conubia.nostra@sitamet.org;France;BMW;soups;05/19/2022;false;35
Garrison Morales;Cras.eget.nisi@sagittis.co.uk;Germany;Volkswagen;soups;03/07/2021;false;34
Aphrodite Sherman;sem.semper.erat@nonummy.co.uk;France;BMW;pasta;02/03/2022;true;40
Kay Delacruz;sapien@iaculisneceleifend.edu;France;Volkswagen;sandwiches;09/25/2020;true;20
Brady Monroe;diam.luctus@maurisblanditmattis.co.uk;Germany;BMW;sandwiches;10/22/2021;true;40
Dale Mccarty;Integer.eu.lacus@urnasuscipit.com;Germany;BMW;sandwiches;02/18/2022;false;29
Paloma Beasley;accumsan.sed@sociisnatoque.com;Germany;BMW;sandwiches;12/23/2021;true;30
Emmanuel Young;vulputate.posuere.vulputate@nibhenimgravida.co.uk;France;BMW;pasta;10/11/2020;false;45
Adele Mccormick;Proin@consectetuer.org;France;Volkswagen;salads;05/30/2022;true;42
Ramona Graves;ornare@magnaet.co.uk;France;Mercedes-Benz;pasta;09/13/2020;false;48
Rachel Jenkins;pretium.aliquet@tincidunt.org;Germany;Mercedes-Benz;soups;05/17/2021;true;27
Christine Golden;vulputate@nisimagna.co.uk;France;BMW;soups;11/06/2021;false;24
Sylvester Campbell;lectus.Cum.sociis@nonmassanon.ca;Germany;Mercedes-Benz;salads;03/08/2022;true;25
Imogene Stuart;fermentum.arcu.Vestibulum@et.com;France;Volkswagen;soups;07/27/2021;true;45
Avye Patel;mauris.blandit@Suspendisseacmetus.com;Germany;BMW;soups;10/21/2021;true;24